design_id,flower,role,quantity_kg
6,Arali,Accent,0.38
6,Chethi,Accent,0.31
6,Chrysanthemum,Accent,1.47
6,Jasmine,Accent,1.33
6,Daisy,Primary,1.86
6,Orchid,Secondary,1.16
7,Chrysanthemum,Accent,0.49
7,Lotus,Accent,0.45
7,Orchid,Accent,0.79
7,Rose,Accent,0.7
7,Jasmine,Primary,0.65
8,Arali,Accent,0.26
8,Chethi,Accent,0.34
8,Daisy,Accent,0.92
8,Jasmine,Accent,0.9
8,Marigold,Accent,1.36
8,Lotus,Primary,1.29
8,Rose,Secondary,1.33
9,Marigold,Accent,0.78
9,Orchid,Accent,0.55
9,Rose,Accent,0.7
9,Lotus,Primary,0.73
9,Daisy,Secondary,0.76
10,Chethi,Accent,0.35
10,Marigold,Accent,1.58
10,Jasmine,Primary,0.91
10,Lotus,Secondary,1.24
11,Arali,Accent,0.44
11,Lotus,Accent,0.94
11,Marigold,Accent,0.75
11,Orchid,Accent,0.81
11,Chrysanthemum,Primary,1.05
11,Rose,Secondary,1.11
12,Arali,Accent,0.59
12,Green Leaves,Accent,0.34
12,Jasmine,Accent,2.06
12,Rose,Accent,1.76
12,Marigold,Primary,2.52
12,Orchid,Secondary,1.4
13,Daisy,Accent,0.87
13,Green Leaves,Accent,0.25
13,Jasmine,Accent,0.98
13,Marigold,Accent,0.94
13,Orchid,Accent,0.97
13,Rose,Primary,0.59
13,Chrysanthemum,Secondary,1.07
14,Arali,Accent,0.48
14,Chethi,Accent,0.22
14,Chrysanthemum,Accent,0.88
14,Daisy,Accent,0.95
14,Jasmine,Accent,0.89
14,Lotus,Accent,0.95
14,Rose,Primary,1.14
15,Arali,Accent,0.59
15,Chrysanthemum,Accent,0.77
15,Jasmine,Accent,1.0
15,Rose,Accent,1.1
15,Lotus,Primary,1.13
16,Jasmine,Accent,0.82
16,Lotus,Accent,0.85
16,Rose,Accent,0.64
16,Orchid,Primary,0.53
16,Chrysanthemum,Secondary,0.72
17,Lotus,Accent,1.14
17,Marigold,Accent,1.06
17,Chrysanthemum,Primary,1.16
17,Rose,Secondary,1.27
18,Arali,Accent,0.45
18,Marigold,Accent,1.62
18,Orchid,Accent,2.28
18,Lotus,Primary,2.38
18,Rose,Secondary,2.41
19,Arali,Accent,0.34
19,Orchid,Accent,1.68
19,Rose,Accent,2.06
19,Marigold,Primary,1.88
19,Daisy,Secondary,1.75
20,Chethi,Accent,0.27
20,Chrysanthemum,Accent,1.96
20,Green Leaves,Accent,0.36
20,Orchid,Primary,1.93
20,Rose,Secondary,2.02
21,Arali,Accent,0.6
21,Chethi,Accent,0.35
21,Jasmine,Accent,1.23
21,Marigold,Accent,1.14
21,Rose,Accent,1.64
21,Daisy,Primary,1.31
21,Chrysanthemum,Secondary,1.5
22,Chethi,Accent,0.54
22,Daisy,Accent,1.42
22,Green Leaves,Accent,0.39
22,Jasmine,Accent,1.14
22,Lotus,Primary,0.9
22,Chrysanthemum,Secondary,1.47
23,Chethi,Accent,0.52
23,Green Leaves,Accent,0.29
23,Jasmine,Accent,0.75
23,Orchid,Primary,0.96
23,Marigold,Secondary,1.01
24,Chrysanthemum,Accent,1.03
24,Daisy,Accent,1.26
24,Green Leaves,Accent,0.46
24,Jasmine,Accent,1.21
24,Orchid,Primary,1.16
24,Rose,Secondary,1.43
25,Green Leaves,Accent,0.32
25,Marigold,Accent,0.93
25,Orchid,Accent,0.88
25,Lotus,Primary,1.04
25,Daisy,Secondary,1.33
26,Chrysanthemum,Accent,1.01
26,Lotus,Accent,1.24
26,Orchid,Primary,1.32
26,Jasmine,Secondary,0.98
27,Arali,Accent,0.5
27,Chethi,Accent,0.26
27,Daisy,Accent,1.46
27,Marigold,Accent,1.49
27,Orchid,Accent,1.34
27,Rose,Secondary,1.55
28,Green Leaves,Accent,0.35
28,Jasmine,Accent,0.5
28,Lotus,Accent,0.79
28,Orchid,Primary,0.7
29,Daisy,Accent,1.81
29,Marigold,Primary,2.05
29,Jasmine,Secondary,1.5
30,Chethi,Accent,0.6
30,Jasmine,Accent,1.56
30,Rose,Primary,1.28
31,Arali,Accent,0.24
31,Daisy,Accent,0.64
31,Jasmine,Accent,0.73
31,Marigold,Accent,0.61
31,Orchid,Accent,0.68
31,Lotus,Primary,0.68
32,Chethi,Accent,0.26
32,Chrysanthemum,Accent,1.7
32,Lotus,Accent,1.72
32,Daisy,Primary,1.61
32,Orchid,Secondary,1.22
33,Chrysanthemum,Accent,1.46
33,Green Leaves,Accent,0.3
33,Jasmine,Accent,1.11
33,Lotus,Accent,1.02
33,Orchid,Primary,1.5
33,Daisy,Secondary,1.0
34,Arali,Accent,0.44
34,Orchid,Accent,1.66
34,Rose,Accent,1.7
34,Marigold,Primary,1.51
34,Daisy,Secondary,1.77
35,Arali,Accent,0.59
35,Chrysanthemum,Accent,1.19
35,Daisy,Primary,1.07
35,Rose,Secondary,1.27
36,Daisy,Accent,1.54
36,Jasmine,Accent,2.09
36,Lotus,Primary,1.79
37,Green Leaves,Accent,0.19
37,Lotus,Accent,2.06
37,Jasmine,Primary,1.54
37,Rose,Secondary,1.88
38,Jasmine,Accent,1.21
38,Orchid,Accent,1.29
38,Rose,Primary,1.47
38,Lotus,Secondary,1.89
39,Arali,Accent,0.37
39,Green Leaves,Accent,0.19
39,Lotus,Accent,1.51
39,Orchid,Primary,1.84
39,Marigold,Secondary,1.8
40,Chrysanthemum,Accent,0.6
40,Daisy,Accent,0.51
40,Green Leaves,Accent,0.46
40,Lotus,Accent,0.46
40,Orchid,Primary,0.62
40,Marigold,Secondary,0.42
41,Green Leaves,Accent,0.42
41,Orchid,Accent,0.96
41,Rose,Accent,1.05
41,Lotus,Primary,1.02
41,Daisy,Secondary,1.37
42,Chethi,Accent,0.55
42,Orchid,Accent,2.06
42,Rose,Primary,1.48
42,Lotus,Secondary,1.68
43,Chrysanthemum,Accent,1.23
43,Green Leaves,Accent,0.33
43,Lotus,Accent,1.37
43,Marigold,Accent,0.97
43,Rose,Accent,1.0
43,Orchid,Primary,1.42
43,Jasmine,Secondary,0.86
44,Arali,Accent,0.51
44,Jasmine,Accent,0.65
44,Marigold,Accent,0.58
44,Orchid,Accent,0.86
44,Rose,Primary,0.6
44,Daisy,Secondary,0.66
45,Chrysanthemum,Accent,1.15
45,Green Leaves,Accent,0.47
45,Lotus,Accent,1.24
45,Daisy,Primary,1.15
45,Orchid,Secondary,1.34
46,Arali,Accent,0.24
46,Chethi,Accent,0.35
46,Daisy,Accent,0.6
46,Lotus,Accent,0.96
46,Marigold,Accent,0.81
46,Chrysanthemum,Primary,0.92
47,Chrysanthemum,Accent,1.3
47,Marigold,Accent,1.62
47,Jasmine,Primary,1.61
47,Daisy,Secondary,1.52
48,Chethi,Accent,0.3
48,Chrysanthemum,Accent,1.38
48,Daisy,Accent,1.0
48,Green Leaves,Accent,0.35
48,Marigold,Accent,1.07
48,Lotus,Primary,0.95
48,Orchid,Secondary,1.37
49,Daisy,Accent,1.56
49,Green Leaves,Accent,0.32
49,Jasmine,Accent,1.41
49,Rose,Accent,1.32
49,Lotus,Primary,1.82
49,Marigold,Secondary,1.76
50,Daisy,Accent,0.99
50,Green Leaves,Accent,0.42
50,Lotus,Accent,1.12
50,Rose,Accent,1.43
50,Orchid,Primary,1.05
50,Marigold,Secondary,0.83
51,Arali,Accent,0.58
51,Chrysanthemum,Accent,0.98
51,Orchid,Accent,0.94
51,Rose,Primary,0.87
52,Chrysanthemum,Accent,1.38
52,Green Leaves,Accent,0.46
52,Rose,Accent,1.95
52,Orchid,Primary,1.6
52,Daisy,Secondary,1.96
53,Chethi,Accent,0.57
53,Chrysanthemum,Accent,1.42
53,Jasmine,Accent,1.21
53,Marigold,Accent,1.18
53,Orchid,Accent,1.1
53,Daisy,Primary,1.34
53,Lotus,Secondary,1.49
54,Chethi,Accent,0.36
54,Green Leaves,Accent,0.4
54,Orchid,Accent,2.29
54,Rose,Accent,1.44
54,Lotus,Secondary,2.32
55,Arali,Accent,0.56
55,Green Leaves,Accent,0.31
55,Marigold,Accent,2.06
55,Rose,Accent,1.62
55,Jasmine,Primary,1.77
55,Chrysanthemum,Secondary,2.06
56,Chethi,Accent,0.34
56,Chrysanthemum,Accent,1.18
56,Lotus,Accent,1.32
56,Orchid,Accent,1.32
56,Rose,Accent,1.21
56,Marigold,Primary,1.4
57,Chethi,Accent,0.2
57,Chrysanthemum,Accent,1.49
57,Green Leaves,Accent,0.4
57,Lotus,Accent,1.55
57,Marigold,Accent,1.34
57,Orchid,Secondary,1.98
58,Chethi,Accent,0.56
58,Jasmine,Accent,0.42
58,Marigold,Accent,0.55
58,Orchid,Primary,0.63
58,Rose,Secondary,0.47
59,Chrysanthemum,Accent,1.42
59,Daisy,Accent,1.63
59,Marigold,Accent,1.31
59,Jasmine,Primary,1.41
59,Rose,Secondary,2.09
60,Chethi,Accent,0.31
60,Daisy,Accent,0.91
60,Rose,Accent,0.79
60,Orchid,Primary,0.9
60,Jasmine,Secondary,0.92
61,Green Leaves,Accent,0.2
61,Lotus,Accent,1.66
61,Marigold,Accent,1.05
61,Rose,Accent,1.78
61,Chrysanthemum,Primary,1.35
61,Orchid,Secondary,1.3
62,Chrysanthemum,Accent,1.34
62,Orchid,Accent,1.91
62,Marigold,Primary,2.01
62,Daisy,Secondary,1.89
63,Arali,Accent,0.51
63,Chethi,Accent,0.52
63,Lotus,Accent,0.89
63,Marigold,Accent,1.35
63,Jasmine,Primary,1.14
64,Chethi,Accent,0.46
64,Jasmine,Accent,0.91
64,Orchid,Accent,0.79
64,Lotus,Primary,1.15
64,Rose,Secondary,1.11
65,Arali,Accent,0.39
65,Daisy,Accent,0.98
65,Jasmine,Accent,0.58
65,Marigold,Accent,0.98
65,Orchid,Accent,0.76
65,Rose,Primary,1.07
65,Chrysanthemum,Secondary,1.07
66,Chethi,Accent,0.49
66,Green Leaves,Accent,0.17
66,Orchid,Primary,2.46
66,Jasmine,Secondary,2.67
67,Chethi,Accent,0.28
67,Green Leaves,Accent,0.34
67,Marigold,Accent,1.73
67,Chrysanthemum,Primary,2.06
67,Orchid,Secondary,1.45
68,Chethi,Accent,0.31
68,Chrysanthemum,Accent,0.69
68,Marigold,Accent,0.52
68,Daisy,Primary,0.88
69,Chethi,Accent,0.38
69,Jasmine,Accent,2.26
69,Lotus,Primary,2.73
69,Chrysanthemum,Secondary,3.02
70,Chrysanthemum,Accent,0.83
70,Daisy,Accent,0.79
70,Orchid,Accent,0.72
70,Rose,Primary,0.6
70,Lotus,Secondary,0.63
71,Chethi,Accent,0.59
71,Green Leaves,Accent,0.47
71,Jasmine,Accent,1.42
71,Orchid,Accent,2.21
71,Rose,Accent,1.87
71,Marigold,Primary,2.06
71,Chrysanthemum,Secondary,1.29
72,Arali,Accent,0.29
72,Chethi,Accent,0.39
72,Daisy,Accent,0.53
72,Lotus,Accent,0.79
72,Chrysanthemum,Primary,0.75
72,Rose,Secondary,0.53
73,Chethi,Accent,0.27
73,Lotus,Accent,1.36
73,Rose,Accent,0.9
73,Marigold,Primary,0.88
73,Jasmine,Secondary,1.41
74,Arali,Accent,0.31
74,Jasmine,Accent,1.52
74,Lotus,Accent,1.56
74,Orchid,Accent,1.8
74,Marigold,Primary,1.57
74,Rose,Secondary,1.77
75,Arali,Accent,0.37
75,Green Leaves,Accent,0.49
75,Lotus,Accent,0.83
75,Marigold,Accent,0.89
75,Chrysanthemum,Primary,0.74
75,Daisy,Secondary,0.49
76,Chrysanthemum,Accent,1.56
76,Daisy,Accent,1.63
76,Marigold,Accent,1.52
76,Orchid,Primary,1.14
77,Arali,Accent,0.32
77,Chrysanthemum,Accent,1.15
77,Green Leaves,Accent,0.2
77,Jasmine,Accent,1.16
77,Lotus,Accent,0.97
77,Marigold,Accent,0.9
77,Orchid,Primary,1.02
77,Daisy,Secondary,1.15
78,Jasmine,Accent,0.91
78,Lotus,Accent,1.35
78,Marigold,Accent,1.19
78,Rose,Accent,0.91
78,Orchid,Primary,1.03
78,Chrysanthemum,Secondary,1.55
79,Chethi,Accent,0.22
79,Green Leaves,Accent,0.41
79,Rose,Accent,2.3
79,Lotus,Secondary,2.66
80,Chethi,Accent,0.4
80,Chrysanthemum,Accent,0.68
80,Green Leaves,Accent,0.17
80,Marigold,Accent,0.52
80,Orchid,Accent,0.51
80,Rose,Accent,0.47
80,Lotus,Secondary,0.65
81,Daisy,Accent,1.7
81,Jasmine,Accent,1.84
81,Rose,Primary,1.51
81,Lotus,Secondary,1.64
82,Chethi,Accent,0.47
82,Jasmine,Accent,2.22
82,Orchid,Accent,1.49
82,Rose,Accent,1.58
82,Daisy,Primary,1.84
82,Marigold,Secondary,1.63
83,Chethi,Accent,0.58
83,Lotus,Accent,0.82
83,Chrysanthemum,Primary,0.65
83,Orchid,Secondary,0.8
84,Chethi,Accent,0.37
84,Daisy,Accent,0.89
84,Green Leaves,Accent,0.37
84,Marigold,Accent,0.86
84,Jasmine,Primary,0.77
84,Rose,Secondary,0.98
85,Arali,Accent,0.28
85,Chrysanthemum,Accent,0.93
85,Green Leaves,Accent,0.48
85,Lotus,Accent,1.37
85,Marigold,Accent,0.87
85,Rose,Primary,1.11
85,Jasmine,Secondary,1.07
86,Arali,Accent,0.47
86,Chethi,Accent,0.36
86,Rose,Accent,1.01
86,Chrysanthemum,Primary,0.88
86,Jasmine,Secondary,0.78
87,Arali,Accent,0.57
87,Jasmine,Accent,1.16
87,Lotus,Accent,1.2
87,Marigold,Accent,1.0
87,Rose,Accent,1.0
87,Chrysanthemum,Primary,0.69
87,Daisy,Secondary,0.67
88,Jasmine,Accent,1.39
88,Marigold,Accent,1.7
88,Rose,Primary,1.94
88,Chrysanthemum,Secondary,1.49
89,Daisy,Accent,2.65
89,Green Leaves,Accent,0.5
89,Chrysanthemum,Primary,1.72
89,Orchid,Secondary,2.83
90,Daisy,Accent,1.32
90,Lotus,Accent,1.31
90,Rose,Accent,0.93
90,Jasmine,Primary,1.0
90,Marigold,Secondary,1.25
91,Chethi,Accent,0.4
91,Daisy,Accent,0.92
91,Lotus,Accent,0.93
91,Marigold,Accent,0.77
91,Chrysanthemum,Primary,0.93
91,Rose,Secondary,0.8
92,Arali,Accent,0.55
92,Chrysanthemum,Accent,1.23
92,Marigold,Accent,1.69
92,Orchid,Accent,1.49
92,Rose,Secondary,1.45
93,Lotus,Accent,2.08
93,Orchid,Accent,1.83
93,Marigold,Primary,2.54
93,Jasmine,Secondary,1.48
94,Chethi,Accent,0.38
94,Daisy,Accent,1.34
94,Jasmine,Accent,1.67
94,Rose,Accent,1.65
94,Orchid,Primary,1.39
94,Lotus,Secondary,1.77
95,Arali,Accent,0.44
95,Marigold,Primary,1.1
95,Rose,Secondary,1.16
96,Daisy,Accent,0.81
96,Jasmine,Accent,1.03
96,Marigold,Accent,1.06
96,Lotus,Primary,0.68
96,Chrysanthemum,Secondary,0.7
97,Arali,Accent,0.24
97,Chethi,Accent,0.57
97,Daisy,Accent,1.11
97,Jasmine,Accent,1.07
97,Rose,Accent,1.61
97,Marigold,Secondary,1.57
98,Daisy,Accent,1.5
98,Rose,Accent,1.2
98,Lotus,Secondary,1.71
99,Chethi,Accent,0.5
99,Daisy,Accent,0.92
99,Lotus,Accent,0.87
99,Orchid,Primary,0.9
99,Rose,Secondary,0.56
100,Arali,Accent,0.44
100,Chrysanthemum,Accent,0.65
100,Lotus,Accent,0.38
100,Rose,Accent,0.59
100,Jasmine,Primary,0.58
100,Daisy,Secondary,0.56
101,Arali,Accent,0.3
101,Chethi,Accent,0.4
101,Jasmine,Accent,1.62
101,Orchid,Primary,2.26
101,Daisy,Secondary,1.62
102,Chrysanthemum,Accent,2.31
102,Daisy,Accent,1.83
102,Orchid,Secondary,1.67
103,Green Leaves,Accent,0.3
103,Daisy,Primary,1.38
103,Marigold,Secondary,1.89
104,Chethi,Accent,0.33
104,Chrysanthemum,Accent,1.75
104,Jasmine,Accent,1.5
104,Rose,Accent,2.3
104,Daisy,Primary,1.42
104,Marigold,Secondary,1.74
105,Arali,Accent,0.26
105,Chrysanthemum,Accent,0.59
105,Daisy,Accent,1.04
105,Jasmine,Accent,1.0
105,Lotus,Primary,1.08
105,Marigold,Secondary,0.76
106,Chrysanthemum,Accent,0.81
106,Green Leaves,Accent,0.3
106,Orchid,Accent,1.42
106,Rose,Accent,0.94
106,Jasmine,Primary,1.12
106,Marigold,Secondary,1.22
107,Chethi,Accent,0.58
107,Jasmine,Accent,0.65
107,Marigold,Accent,0.7
107,Orchid,Accent,0.51
107,Rose,Primary,0.63
107,Lotus,Secondary,0.78
108,Chethi,Accent,0.53
108,Chrysanthemum,Accent,0.44
108,Green Leaves,Accent,0.35
108,Lotus,Accent,0.44
108,Marigold,Accent,0.76
108,Jasmine,Primary,0.56
108,Orchid,Secondary,0.65
109,Chethi,Accent,0.22
109,Chrysanthemum,Accent,2.35
109,Lotus,Primary,1.9
109,Orchid,Secondary,1.88
110,Chethi,Accent,0.56
110,Jasmine,Accent,0.91
110,Marigold,Accent,0.98
110,Orchid,Accent,0.89
110,Rose,Secondary,0.74
111,Chethi,Accent,0.47
111,Chrysanthemum,Accent,1.92
111,Lotus,Accent,1.53
111,Jasmine,Primary,1.1
111,Marigold,Secondary,1.24
112,Green Leaves,Accent,0.46
112,Rose,Accent,1.52
112,Daisy,Primary,2.15
112,Marigold,Secondary,1.27
113,Chrysanthemum,Accent,1.37
113,Green Leaves,Accent,0.41
113,Jasmine,Accent,1.29
113,Orchid,Accent,1.1
113,Lotus,Primary,1.09
114,Jasmine,Accent,1.4
114,Orchid,Accent,1.56
114,Rose,Accent,1.3
114,Lotus,Primary,1.09
114,Daisy,Secondary,1.61
115,Chethi,Accent,0.59
115,Chrysanthemum,Accent,1.31
115,Jasmine,Accent,1.22
115,Rose,Accent,1.49
115,Orchid,Primary,1.52
115,Marigold,Secondary,0.95
116,Arali,Accent,0.27
116,Chethi,Accent,0.57
116,Daisy,Accent,1.75
116,Jasmine,Primary,2.0
116,Lotus,Secondary,1.61
117,Arali,Accent,0.31
117,Chethi,Accent,0.51
117,Jasmine,Accent,0.83
117,Marigold,Accent,0.7
117,Orchid,Accent,0.73
117,Rose,Accent,0.86
117,Lotus,Primary,0.87
117,Daisy,Secondary,0.91
118,Chethi,Accent,0.54
118,Orchid,Accent,1.16
118,Rose,Primary,1.27
118,Marigold,Secondary,1.41
119,Arali,Accent,0.34
119,Chrysanthemum,Accent,2.28
119,Daisy,Primary,2.21
120,Chethi,Accent,0.21
120,Green Leaves,Accent,0.22
120,Jasmine,Accent,2.57
120,Orchid,Secondary,2.55
121,Chethi,Accent,0.59
121,Rose,Accent,1.8
121,Daisy,Secondary,1.19
122,Daisy,Accent,1.1
122,Green Leaves,Accent,0.33
122,Rose,Accent,0.95
122,Chrysanthemum,Secondary,0.74
123,Arali,Accent,0.25
123,Daisy,Accent,1.73
123,Green Leaves,Accent,0.48
123,Marigold,Accent,1.78
123,Lotus,Primary,1.57
123,Orchid,Secondary,1.31
124,Daisy,Accent,1.26
124,Marigold,Accent,0.83
124,Jasmine,Primary,0.88
124,Chrysanthemum,Secondary,0.79
125,Arali,Accent,0.22
125,Daisy,Accent,1.43
125,Lotus,Accent,1.42
125,Marigold,Accent,1.08
125,Orchid,Accent,1.47
125,Rose,Primary,1.45
125,Jasmine,Secondary,1.02
126,Arali,Accent,0.37
126,Daisy,Accent,1.03
126,Green Leaves,Accent,0.49
126,Jasmine,Accent,1.79
126,Orchid,Accent,1.51
126,Marigold,Primary,1.24
126,Lotus,Secondary,1.19
127,Green Leaves,Accent,0.22
127,Jasmine,Accent,1.4
127,Lotus,Accent,1.52
127,Rose,Accent,1.47
127,Daisy,Primary,1.73
127,Chrysanthemum,Secondary,1.23
128,Arali,Accent,0.2
128,Chrysanthemum,Accent,0.98
128,Jasmine,Accent,1.07
128,Rose,Accent,1.23
128,Orchid,Secondary,0.96
129,Chrysanthemum,Accent,1.16
129,Daisy,Accent,1.23
129,Marigold,Primary,1.24
129,Jasmine,Secondary,1.21
130,Daisy,Accent,1.24
130,Green Leaves,Accent,0.48
130,Jasmine,Primary,2.04
130,Chrysanthemum,Secondary,1.65
131,Arali,Accent,0.58
131,Chethi,Accent,0.37
131,Daisy,Accent,1.26
131,Jasmine,Accent,1.13
131,Marigold,Accent,1.18
131,Chrysanthemum,Primary,1.15
131,Rose,Secondary,1.42
132,Chrysanthemum,Accent,0.49
132,Lotus,Accent,0.69
132,Jasmine,Primary,0.63
132,Orchid,Secondary,0.7
133,Chethi,Accent,0.32
133,Green Leaves,Accent,0.4
133,Orchid,Accent,1.74
133,Daisy,Primary,1.9
133,Lotus,Secondary,1.38
134,Arali,Accent,0.33
134,Lotus,Accent,2.11
134,Chrysanthemum,Primary,1.35
134,Daisy,Secondary,1.34
135,Chethi,Accent,0.47
135,Green Leaves,Accent,0.22
135,Lotus,Accent,1.82
135,Orchid,Accent,1.8
135,Rose,Accent,2.06
135,Jasmine,Primary,1.52
135,Daisy,Secondary,1.59
136,Green Leaves,Accent,0.47
136,Jasmine,Accent,2.26
136,Marigold,Accent,1.61
136,Daisy,Primary,1.39
136,Chrysanthemum,Secondary,1.73
137,Arali,Accent,0.42
137,Green Leaves,Accent,0.15
137,Lotus,Accent,0.83
137,Orchid,Accent,0.75
137,Daisy,Primary,0.53
138,Arali,Accent,0.51
138,Daisy,Accent,1.69
138,Lotus,Accent,1.46
138,Chrysanthemum,Primary,1.72
138,Marigold,Secondary,1.7
139,Arali,Accent,0.38
139,Daisy,Accent,0.94
139,Green Leaves,Accent,0.39
139,Jasmine,Accent,1.06
139,Lotus,Accent,1.46
139,Rose,Accent,1.04
139,Marigold,Primary,1.29
140,Green Leaves,Accent,0.21
140,Jasmine,Accent,1.15
140,Lotus,Accent,1.16
140,Orchid,Primary,1.1
140,Rose,Secondary,1.7
141,Daisy,Accent,1.66
141,Green Leaves,Accent,0.38
141,Jasmine,Accent,1.15
141,Chrysanthemum,Secondary,1.29
142,Chethi,Accent,0.47
142,Green Leaves,Accent,0.23
142,Jasmine,Accent,1.63
142,Marigold,Accent,1.17
142,Orchid,Accent,1.7
142,Rose,Accent,1.55
142,Lotus,Secondary,1.78
143,Chethi,Accent,0.22
143,Daisy,Accent,0.62
143,Lotus,Accent,0.73
143,Rose,Accent,0.66
143,Jasmine,Primary,0.92
143,Marigold,Secondary,0.62
144,Jasmine,Primary,2.38
144,Chrysanthemum,Secondary,1.91
145,Arali,Accent,0.45
145,Chethi,Accent,0.37
145,Jasmine,Accent,1.05
145,Lotus,Accent,0.79
145,Marigold,Accent,1.04
145,Rose,Accent,1.0
145,Daisy,Primary,1.01
146,Green Leaves,Accent,0.28
146,Jasmine,Accent,1.3
146,Orchid,Primary,0.7
146,Rose,Secondary,1.05
147,Chethi,Accent,0.46
147,Chrysanthemum,Accent,0.89
147,Daisy,Accent,1.02
147,Jasmine,Accent,0.85
147,Orchid,Primary,0.8
147,Rose,Secondary,0.83
148,Chethi,Accent,0.51
148,Daisy,Accent,0.94
148,Orchid,Accent,0.91
148,Chrysanthemum,Primary,0.87
148,Rose,Secondary,1.28
149,Green Leaves,Accent,0.33
149,Lotus,Accent,0.97
149,Rose,Accent,1.57
149,Daisy,Primary,1.76
149,Chrysanthemum,Secondary,1.21
150,Chethi,Accent,0.57
150,Chrysanthemum,Accent,0.85
150,Jasmine,Accent,0.82
150,Orchid,Accent,0.91
150,Marigold,Primary,0.82
151,Chethi,Accent,0.52
151,Lotus,Accent,0.97
151,Orchid,Accent,1.06
151,Chrysanthemum,Primary,1.18
151,Rose,Secondary,1.09
152,Arali,Accent,0.56
152,Daisy,Accent,1.08
152,Green Leaves,Accent,0.48
152,Marigold,Accent,1.69
152,Orchid,Accent,1.76
152,Chrysanthemum,Primary,1.29
153,Arali,Accent,0.42
153,Daisy,Accent,1.5
153,Green Leaves,Accent,0.44
153,Jasmine,Primary,1.68
153,Orchid,Secondary,1.71
154,Daisy,Accent,1.69
154,Lotus,Accent,1.39
154,Rose,Accent,1.76
154,Marigold,Primary,1.08
154,Chrysanthemum,Secondary,1.45
155,Arali,Accent,0.3
155,Chrysanthemum,Accent,1.16
155,Green Leaves,Accent,0.24
155,Rose,Primary,0.67
155,Marigold,Secondary,1.19
156,Arali,Accent,0.31
156,Chrysanthemum,Accent,0.89
156,Green Leaves,Accent,0.37
156,Rose,Accent,0.77
156,Marigold,Primary,0.94
156,Jasmine,Secondary,1.05
157,Arali,Accent,0.29
157,Daisy,Accent,1.66
157,Marigold,Accent,1.66
157,Rose,Accent,1.85
157,Lotus,Primary,1.48
157,Chrysanthemum,Secondary,1.31
158,Chrysanthemum,Accent,1.97
158,Green Leaves,Accent,0.18
158,Marigold,Primary,1.69
158,Jasmine,Secondary,1.68
159,Arali,Accent,0.48
159,Jasmine,Accent,0.93
159,Lotus,Accent,0.91
159,Marigold,Accent,0.62
159,Rose,Secondary,0.79
160,Arali,Accent,0.42
160,Chethi,Accent,0.36
160,Daisy,Accent,0.76
160,Orchid,Accent,0.86
160,Marigold,Primary,0.54
160,Chrysanthemum,Secondary,0.71
161,Chethi,Accent,0.53
161,Daisy,Primary,1.03
161,Rose,Secondary,1.15
162,Chrysanthemum,Accent,0.82
162,Daisy,Accent,0.84
162,Green Leaves,Accent,0.48
162,Lotus,Accent,0.76
162,Rose,Accent,0.59
162,Jasmine,Primary,0.76
163,Chrysanthemum,Accent,0.38
163,Daisy,Accent,0.43
163,Green Leaves,Accent,0.28
163,Jasmine,Accent,0.53
163,Rose,Accent,0.49
163,Lotus,Primary,0.4
163,Orchid,Secondary,0.5
164,Arali,Accent,0.32
164,Daisy,Accent,1.22
164,Rose,Accent,1.51
164,Lotus,Primary,1.39
164,Chrysanthemum,Secondary,1.47
165,Arali,Accent,0.42
165,Chrysanthemum,Accent,2.1
165,Marigold,Primary,2.75
165,Jasmine,Secondary,3.18
166,Chethi,Accent,0.31
166,Green Leaves,Accent,0.32
166,Jasmine,Accent,1.38
166,Marigold,Accent,1.51
166,Orchid,Primary,0.98
166,Rose,Secondary,1.38
167,Arali,Accent,0.33
167,Daisy,Accent,2.59
167,Lotus,Primary,2.06
167,Rose,Secondary,2.32
168,Arali,Accent,0.54
168,Chethi,Accent,0.57
168,Chrysanthemum,Accent,0.73
168,Jasmine,Accent,0.66
168,Marigold,Accent,0.83
168,Orchid,Accent,0.76
168,Daisy,Secondary,1.0
169,Chrysanthemum,Accent,1.04
169,Lotus,Accent,1.05
169,Daisy,Primary,0.82
169,Orchid,Secondary,0.84
170,Arali,Accent,0.44
170,Chrysanthemum,Accent,0.8
170,Daisy,Accent,1.01
170,Lotus,Accent,0.92
170,Orchid,Primary,0.95
171,Arali,Accent,0.38
171,Chethi,Accent,0.25
171,Orchid,Accent,2.61
171,Marigold,Primary,3.03
171,Lotus,Secondary,3.2
172,Arali,Accent,0.33
172,Rose,Accent,1.78
172,Jasmine,Primary,1.49
172,Marigold,Secondary,1.73
173,Arali,Accent,0.5
173,Chrysanthemum,Accent,1.42
173,Daisy,Accent,0.84
173,Lotus,Accent,1.54
173,Orchid,Primary,1.21
173,Marigold,Secondary,1.03
174,Arali,Accent,0.3
174,Daisy,Accent,2.54
174,Rose,Primary,1.73
174,Marigold,Secondary,2.17
175,Chethi,Accent,0.5
175,Chrysanthemum,Accent,0.74
175,Lotus,Accent,0.51
175,Orchid,Accent,0.79
175,Rose,Primary,0.76
175,Jasmine,Secondary,0.82
176,Arali,Accent,0.29
176,Daisy,Accent,1.24
176,Lotus,Accent,1.48
176,Rose,Accent,0.92
176,Orchid,Primary,1.17
176,Marigold,Secondary,1.43
177,Daisy,Accent,1.01
177,Green Leaves,Accent,0.16
177,Chrysanthemum,Primary,0.59
177,Lotus,Secondary,0.6
178,Chethi,Accent,0.28
178,Marigold,Accent,1.21
178,Orchid,Accent,1.53
178,Rose,Accent,1.3
178,Jasmine,Primary,1.88
178,Lotus,Secondary,1.84
179,Chethi,Accent,0.3
179,Jasmine,Accent,1.09
179,Marigold,Accent,1.09
179,Orchid,Accent,0.86
179,Rose,Accent,0.76
179,Chrysanthemum,Secondary,0.77
180,Chethi,Accent,0.43
180,Chrysanthemum,Accent,1.05
180,Jasmine,Accent,1.19
180,Orchid,Accent,0.91
180,Rose,Accent,1.32
180,Marigold,Secondary,1.05
181,Green Leaves,Accent,0.24
181,Jasmine,Accent,1.17
181,Orchid,Accent,1.14
181,Rose,Primary,1.47
181,Marigold,Secondary,0.99
182,Green Leaves,Accent,0.36
182,Jasmine,Accent,0.73
182,Daisy,Primary,0.53
182,Chrysanthemum,Secondary,0.68
183,Chethi,Accent,0.59
183,Daisy,Accent,0.89
183,Green Leaves,Accent,0.19
183,Lotus,Accent,0.79
183,Marigold,Accent,0.86
183,Rose,Primary,0.53
183,Jasmine,Secondary,0.72
184,Arali,Accent,0.43
184,Daisy,Accent,1.18
184,Jasmine,Accent,0.89
184,Orchid,Accent,0.87
184,Lotus,Primary,0.79
184,Rose,Secondary,0.8
185,Lotus,Accent,1.01
185,Orchid,Accent,1.31
185,Rose,Accent,1.0
185,Chrysanthemum,Primary,0.84
186,Daisy,Accent,0.98
186,Green Leaves,Accent,0.22
186,Orchid,Accent,0.9
186,Chrysanthemum,Secondary,1.41
187,Chethi,Accent,0.51
187,Chrysanthemum,Accent,2.55
187,Green Leaves,Accent,0.19
187,Lotus,Accent,1.88
187,Daisy,Primary,2.54
188,Lotus,Accent,1.12
188,Marigold,Accent,1.31
188,Rose,Accent,1.02
188,Chrysanthemum,Primary,1.14
188,Daisy,Secondary,1.32
189,Chethi,Accent,0.34
189,Chrysanthemum,Accent,1.1
189,Green Leaves,Accent,0.3
189,Lotus,Accent,1.14
189,Orchid,Accent,1.05
189,Rose,Accent,1.15
189,Jasmine,Primary,1.03
190,Daisy,Accent,2.21
190,Green Leaves,Accent,0.38
190,Lotus,Accent,1.84
190,Orchid,Secondary,2.35
191,Arali,Accent,0.53
191,Chrysanthemum,Accent,1.73
191,Jasmine,Accent,1.93
191,Lotus,Primary,1.27
191,Orchid,Secondary,1.39
192,Arali,Accent,0.45
192,Chrysanthemum,Accent,2.05
192,Orchid,Primary,2.39
192,Jasmine,Secondary,2.27
193,Chethi,Accent,0.49
193,Daisy,Accent,0.49
193,Green Leaves,Accent,0.3
193,Jasmine,Accent,0.57
193,Orchid,Accent,0.46
193,Rose,Accent,0.38
193,Lotus,Primary,0.59
193,Marigold,Secondary,0.51
194,Orchid,Accent,0.78
194,Marigold,Primary,0.56
194,Lotus,Secondary,0.47
195,Chrysanthemum,Accent,0.95
195,Daisy,Accent,1.07
195,Green Leaves,Accent,0.42
195,Jasmine,Primary,0.93
195,Orchid,Secondary,0.8
196,Chrysanthemum,Accent,1.69
196,Green Leaves,Accent,0.36
196,Orchid,Primary,1.24
196,Daisy,Secondary,1.3
197,Chethi,Accent,0.53
197,Lotus,Accent,1.79
197,Rose,Accent,1.91
197,Jasmine,Primary,1.51
197,Orchid,Secondary,2.15
198,Arali,Accent,0.3
198,Jasmine,Accent,1.4
198,Marigold,Accent,1.8
198,Orchid,Accent,1.71
198,Lotus,Primary,1.71
198,Daisy,Secondary,1.91
199,Green Leaves,Accent,0.38
199,Jasmine,Accent,0.77
199,Rose,Accent,0.67
199,Marigold,Secondary,0.57
200,Arali,Accent,0.54
200,Chrysanthemum,Accent,1.56
200,Daisy,Accent,1.71
200,Orchid,Accent,1.28
200,Lotus,Primary,1.75
200,Rose,Secondary,1.37
201,Chethi,Accent,0.34
201,Chrysanthemum,Accent,1.38
201,Lotus,Accent,1.62
201,Orchid,Primary,1.46
201,Rose,Secondary,1.46
202,Arali,Accent,0.55
202,Daisy,Accent,1.14
202,Lotus,Accent,1.39
202,Rose,Accent,1.64
202,Jasmine,Primary,1.23
202,Marigold,Secondary,1.46
203,Arali,Accent,0.41
203,Chethi,Accent,0.28
203,Daisy,Accent,1.79
203,Lotus,Accent,1.54
203,Rose,Primary,2.15
203,Jasmine,Secondary,2.15
204,Arali,Accent,0.4
204,Lotus,Accent,1.08
204,Marigold,Accent,1.68
204,Orchid,Accent,1.51
204,Chrysanthemum,Primary,1.54
204,Jasmine,Secondary,1.24
205,Arali,Accent,0.4
205,Daisy,Accent,1.46
205,Green Leaves,Accent,0.38
205,Marigold,Accent,1.21
205,Orchid,Accent,1.1
205,Lotus,Primary,1.44
205,Rose,Secondary,1.41
206,Arali,Accent,0.48
206,Chethi,Accent,0.29
206,Chrysanthemum,Accent,2.7
206,Marigold,Accent,1.87
206,Rose,Primary,2.7
206,Orchid,Secondary,1.71
207,Green Leaves,Accent,0.28
207,Rose,Accent,1.8
207,Lotus,Primary,1.59
207,Chrysanthemum,Secondary,1.76
208,Arali,Accent,0.6
208,Chrysanthemum,Accent,0.67
208,Green Leaves,Accent,0.34
208,Jasmine,Accent,0.67
208,Orchid,Accent,0.57
208,Daisy,Primary,0.41
209,Arali,Accent,0.31
209,Chrysanthemum,Accent,1.44
209,Orchid,Accent,1.09
209,Lotus,Primary,1.25
209,Rose,Secondary,1.22
210,Chethi,Accent,0.49
210,Chrysanthemum,Accent,1.28
210,Daisy,Accent,1.67
210,Lotus,Accent,1.74
210,Marigold,Primary,1.06
210,Orchid,Secondary,1.3
211,Green Leaves,Accent,0.34
211,Jasmine,Accent,1.08
211,Daisy,Primary,1.06
211,Marigold,Secondary,1.44
212,Chethi,Accent,0.29
212,Green Leaves,Accent,0.32
212,Marigold,Accent,0.9
212,Orchid,Accent,1.2
212,Lotus,Primary,1.06
213,Arali,Accent,0.53
213,Chrysanthemum,Accent,0.55
213,Green Leaves,Accent,0.49
213,Marigold,Accent,0.86
213,Rose,Accent,0.66
213,Lotus,Secondary,0.54
214,Arali,Accent,0.27
214,Marigold,Accent,1.1
214,Rose,Accent,0.98
214,Lotus,Primary,0.71
214,Orchid,Secondary,1.11
215,Chrysanthemum,Accent,0.82
215,Daisy,Accent,0.74
215,Green Leaves,Accent,0.19
215,Marigold,Accent,0.84
215,Rose,Accent,1.22
215,Orchid,Primary,1.0
215,Lotus,Secondary,0.88
216,Chethi,Accent,0.42
216,Marigold,Accent,0.95
216,Daisy,Primary,1.04
216,Lotus,Secondary,0.83
217,Arali,Accent,0.2
217,Chethi,Accent,0.24
217,Chrysanthemum,Accent,2.27
217,Rose,Accent,1.36
217,Marigold,Primary,1.55
217,Lotus,Secondary,1.99
218,Arali,Accent,0.38
218,Chrysanthemum,Accent,0.77
218,Daisy,Accent,0.44
218,Lotus,Accent,0.42
218,Orchid,Accent,0.63
218,Rose,Secondary,0.58
219,Chethi,Accent,0.3
219,Chrysanthemum,Accent,1.22
219,Daisy,Accent,0.81
219,Jasmine,Accent,1.11
219,Marigold,Primary,1.09
219,Lotus,Secondary,1.03
220,Jasmine,Accent,1.48
220,Daisy,Primary,2.35
220,Marigold,Secondary,2.41
221,Chethi,Accent,0.36
221,Chrysanthemum,Accent,1.44
221,Rose,Primary,1.81
221,Jasmine,Secondary,1.09
222,Green Leaves,Accent,0.39
222,Lotus,Accent,1.37
222,Marigold,Accent,1.39
222,Rose,Accent,1.25
222,Daisy,Primary,1.07
223,Green Leaves,Accent,0.48
223,Orchid,Accent,1.99
223,Rose,Secondary,2.11
224,Chethi,Accent,0.25
224,Chrysanthemum,Accent,0.54
224,Daisy,Accent,0.68
224,Marigold,Accent,0.5
224,Orchid,Accent,0.83
224,Lotus,Primary,0.73
224,Jasmine,Secondary,0.68
225,Chethi,Accent,0.35
225,Green Leaves,Accent,0.42
225,Marigold,Accent,0.99
225,Rose,Primary,1.18
225,Daisy,Secondary,0.85
226,Marigold,Accent,1.61
226,Orchid,Accent,1.72
226,Lotus,Primary,2.26
226,Rose,Secondary,2.07
227,Green Leaves,Accent,0.5
227,Jasmine,Accent,1.05
227,Marigold,Accent,1.2
227,Orchid,Accent,1.46
227,Daisy,Primary,1.6
227,Lotus,Secondary,1.05
228,Green Leaves,Accent,0.17
228,Jasmine,Accent,1.59
228,Orchid,Primary,2.01
228,Lotus,Secondary,1.36
229,Chrysanthemum,Accent,1.39
229,Daisy,Accent,0.87
229,Rose,Accent,0.78
229,Orchid,Primary,1.13
229,Jasmine,Secondary,1.3
230,Chethi,Accent,0.45
230,Chrysanthemum,Accent,1.32
230,Lotus,Accent,0.8
230,Orchid,Accent,1.31
230,Marigold,Primary,1.32
230,Jasmine,Secondary,0.97
231,Chethi,Accent,0.26
231,Chrysanthemum,Accent,1.36
231,Jasmine,Accent,0.89
231,Lotus,Primary,0.85
232,Chethi,Accent,0.26
232,Rose,Accent,1.15
232,Lotus,Primary,0.83
233,Daisy,Accent,1.02
233,Green Leaves,Accent,0.36
233,Marigold,Accent,0.98
233,Rose,Accent,0.79
233,Orchid,Primary,1.05
233,Jasmine,Secondary,0.79
234,Chethi,Accent,0.32
234,Jasmine,Accent,1.01
234,Lotus,Accent,0.75
234,Marigold,Accent,0.79
234,Orchid,Accent,1.16
234,Daisy,Primary,0.84
234,Chrysanthemum,Secondary,1.07
235,Arali,Accent,0.23
235,Jasmine,Accent,1.09
235,Marigold,Accent,1.28
235,Orchid,Accent,1.08
235,Lotus,Primary,0.84
235,Daisy,Secondary,1.34
236,Arali,Accent,0.52
236,Marigold,Accent,0.67
236,Orchid,Accent,0.44
236,Rose,Primary,0.68
236,Lotus,Secondary,0.73
237,Chethi,Accent,0.42
237,Green Leaves,Accent,0.3
237,Marigold,Accent,1.33
237,Daisy,Primary,1.01
237,Lotus,Secondary,1.71
238,Arali,Accent,0.23
238,Chethi,Accent,0.27
238,Chrysanthemum,Accent,0.94
238,Lotus,Accent,1.07
238,Marigold,Secondary,0.9
239,Green Leaves,Accent,0.44
239,Rose,Accent,1.87
239,Jasmine,Primary,1.7
239,Orchid,Secondary,1.38
240,Chrysanthemum,Accent,1.09
240,Marigold,Accent,1.19
240,Lotus,Primary,0.94
240,Daisy,Secondary,0.96
241,Arali,Accent,0.48
241,Chrysanthemum,Accent,0.82
241,Jasmine,Accent,0.95
241,Lotus,Primary,1.01
241,Orchid,Secondary,1.28
242,Arali,Accent,0.38
242,Green Leaves,Accent,0.36
242,Jasmine,Accent,1.56
242,Orchid,Accent,1.24
242,Marigold,Primary,1.46
242,Lotus,Secondary,1.36
243,Rose,Accent,1.04
243,Chrysanthemum,Primary,1.7
244,Arali,Accent,0.29
244,Daisy,Accent,1.08
244,Green Leaves,Accent,0.16
244,Orchid,Accent,0.69
244,Rose,Accent,1.2
244,Lotus,Secondary,1.08
245,Chethi,Accent,0.47
245,Daisy,Accent,1.68
245,Green Leaves,Accent,0.5
245,Orchid,Accent,1.7
245,Chrysanthemum,Primary,2.02
245,Lotus,Secondary,1.52
246,Chethi,Accent,0.51
246,Daisy,Accent,2.42
246,Rose,Accent,2.5
246,Marigold,Primary,1.85
246,Jasmine,Secondary,1.64
247,Green Leaves,Accent,0.38
247,Rose,Accent,0.73
247,Jasmine,Primary,0.96
247,Daisy,Secondary,0.96
248,Daisy,Accent,1.83
248,Lotus,Accent,1.61
248,Rose,Accent,1.44
248,Jasmine,Secondary,1.76
249,Daisy,Accent,0.99
249,Green Leaves,Accent,0.3
249,Lotus,Accent,1.73
249,Orchid,Accent,1.49
249,Rose,Accent,1.6
249,Chrysanthemum,Primary,1.25
250,Arali,Accent,0.33
250,Chethi,Accent,0.34
250,Lotus,Accent,1.81
250,Orchid,Accent,1.23
250,Jasmine,Primary,1.64
250,Daisy,Secondary,1.99
251,Arali,Accent,0.4
251,Chethi,Accent,0.36
251,Marigold,Accent,1.03
251,Orchid,Accent,1.32
251,Rose,Secondary,1.67
252,Arali,Accent,0.38
252,Chethi,Accent,0.33
252,Lotus,Accent,1.51
252,Marigold,Accent,1.26
252,Rose,Primary,1.15
252,Jasmine,Secondary,1.52
253,Arali,Accent,0.55
253,Chrysanthemum,Accent,1.59
253,Daisy,Accent,1.56
253,Lotus,Primary,1.41
253,Jasmine,Secondary,1.74
254,Arali,Accent,0.28
254,Chethi,Accent,0.37
254,Jasmine,Accent,1.33
254,Marigold,Accent,0.97
254,Rose,Primary,0.92
254,Lotus,Secondary,0.82
255,Arali,Accent,0.45
255,Daisy,Accent,1.72
255,Rose,Primary,2.23
255,Jasmine,Secondary,2.02
256,Arali,Accent,0.57
256,Chethi,Accent,0.42
256,Lotus,Accent,1.19
256,Orchid,Accent,1.2
256,Jasmine,Primary,0.85
256,Marigold,Secondary,1.17
257,Chrysanthemum,Accent,0.95
257,Green Leaves,Accent,0.32
257,Marigold,Accent,0.99
257,Daisy,Primary,1.31
257,Rose,Secondary,0.86
258,Daisy,Accent,1.16
258,Green Leaves,Accent,0.36
258,Jasmine,Accent,1.29
258,Lotus,Accent,1.04
258,Rose,Accent,1.1
258,Chrysanthemum,Primary,0.87
258,Marigold,Secondary,1.42
259,Chethi,Accent,0.32
259,Chrysanthemum,Accent,0.52
259,Lotus,Accent,0.45
259,Rose,Accent,0.34
259,Jasmine,Primary,0.41
259,Orchid,Secondary,0.37
260,Arali,Accent,0.24
260,Chrysanthemum,Accent,0.61
260,Daisy,Accent,0.57
260,Rose,Accent,0.73
260,Lotus,Secondary,0.71
261,Marigold,Accent,2.52
261,Orchid,Primary,2.93
261,Jasmine,Secondary,1.73
262,Chrysanthemum,Accent,1.64
262,Daisy,Accent,1.66
262,Orchid,Accent,2.24
262,Rose,Primary,2.05
262,Lotus,Secondary,1.33
263,Chethi,Accent,0.46
263,Chrysanthemum,Accent,0.91
263,Jasmine,Accent,0.83
263,Lotus,Accent,0.95
263,Marigold,Accent,0.75
263,Orchid,Secondary,0.67
264,Green Leaves,Accent,0.25
264,Marigold,Accent,1.73
264,Orchid,Accent,1.66
264,Rose,Primary,1.98
264,Chrysanthemum,Secondary,1.45
265,Arali,Accent,0.59
265,Chrysanthemum,Accent,1.43
265,Daisy,Accent,1.5
265,Green Leaves,Accent,0.24
265,Orchid,Accent,0.97
265,Lotus,Primary,1.16
266,Arali,Accent,0.57
266,Chethi,Accent,0.4
266,Chrysanthemum,Accent,2.22
266,Marigold,Primary,2.31
267,Chrysanthemum,Accent,1.69
267,Marigold,Accent,1.72
267,Daisy,Primary,1.23
267,Lotus,Secondary,1.3
268,Marigold,Accent,1.17
268,Lotus,Primary,0.83
268,Daisy,Secondary,1.21
269,Arali,Accent,0.34
269,Daisy,Accent,0.96
269,Orchid,Accent,1.24
269,Jasmine,Primary,1.4
269,Marigold,Secondary,1.21
270,Arali,Accent,0.31
270,Chethi,Accent,0.32
270,Lotus,Accent,1.4
270,Orchid,Accent,1.67
270,Chrysanthemum,Primary,1.57
270,Marigold,Secondary,1.2
271,Arali,Accent,0.38
271,Green Leaves,Accent,0.45
271,Orchid,Accent,1.16
271,Chrysanthemum,Primary,0.88
271,Jasmine,Secondary,1.35
272,Arali,Accent,0.42
272,Marigold,Accent,0.7
272,Orchid,Accent,1.0
272,Jasmine,Primary,0.62
272,Lotus,Secondary,1.03
273,Arali,Accent,0.57
273,Chrysanthemum,Accent,1.54
273,Daisy,Primary,1.7
274,Marigold,Accent,1.57
274,Orchid,Accent,1.72
274,Rose,Accent,1.2
274,Jasmine,Primary,1.76
274,Daisy,Secondary,1.57
275,Chrysanthemum,Accent,1.04
275,Jasmine,Accent,1.38
275,Daisy,Primary,1.64
275,Rose,Secondary,1.29
276,Arali,Accent,0.29
276,Chrysanthemum,Accent,1.02
276,Lotus,Accent,1.19
276,Marigold,Accent,0.81
276,Daisy,Primary,0.81
277,Arali,Accent,0.48
277,Chethi,Accent,0.5
277,Marigold,Accent,1.4
277,Rose,Accent,1.38
277,Jasmine,Primary,1.49
277,Daisy,Secondary,1.34
278,Arali,Accent,0.4
278,Chethi,Accent,0.21
278,Chrysanthemum,Accent,0.77
278,Orchid,Accent,0.73
278,Daisy,Primary,0.68
278,Jasmine,Secondary,0.84
279,Green Leaves,Accent,0.27
279,Jasmine,Accent,1.81
279,Rose,Accent,1.85
279,Daisy,Secondary,1.93
280,Arali,Accent,0.24
280,Marigold,Accent,1.35
280,Rose,Accent,1.03
280,Orchid,Secondary,1.01
281,Chrysanthemum,Accent,0.81
281,Jasmine,Accent,0.75
281,Marigold,Accent,1.0
281,Orchid,Primary,1.03
281,Lotus,Secondary,0.6
282,Chethi,Accent,0.36
282,Chrysanthemum,Accent,0.87
282,Daisy,Accent,0.84
282,Rose,Accent,0.73
282,Marigold,Primary,0.78
282,Lotus,Secondary,0.93
283,Chethi,Accent,0.39
283,Daisy,Accent,1.73
283,Green Leaves,Accent,0.49
283,Marigold,Accent,1.16
283,Jasmine,Primary,1.21
283,Orchid,Secondary,1.72
284,Chrysanthemum,Accent,0.83
284,Green Leaves,Accent,0.29
284,Orchid,Accent,0.93
284,Lotus,Primary,0.81
285,Arali,Accent,0.54
285,Lotus,Accent,0.73
285,Chrysanthemum,Primary,0.8
285,Marigold,Secondary,1.06
286,Daisy,Accent,1.11
286,Lotus,Accent,1.52
286,Orchid,Accent,1.6
286,Rose,Accent,1.53
286,Jasmine,Primary,1.3
286,Marigold,Secondary,1.11
287,Arali,Accent,0.45
287,Chrysanthemum,Accent,1.24
287,Marigold,Accent,1.14
287,Jasmine,Primary,1.23
287,Lotus,Secondary,0.84
288,Chrysanthemum,Accent,1.26
288,Lotus,Accent,0.83
288,Marigold,Accent,1.5
288,Orchid,Secondary,1.18
289,Green Leaves,Accent,0.16
289,Lotus,Accent,0.86
289,Rose,Primary,1.13
289,Chrysanthemum,Secondary,1.08
290,Daisy,Accent,0.58
290,Green Leaves,Accent,0.39
290,Marigold,Accent,0.92
290,Lotus,Primary,0.81
291,Chethi,Accent,0.5
291,Chrysanthemum,Accent,1.54
291,Lotus,Accent,1.91
291,Daisy,Primary,1.54
291,Marigold,Secondary,1.61
292,Chethi,Accent,0.5
292,Chrysanthemum,Accent,1.76
292,Daisy,Accent,1.55
292,Orchid,Accent,1.55
292,Rose,Accent,1.69
292,Jasmine,Primary,1.26
292,Marigold,Secondary,0.98
293,Arali,Accent,0.32
293,Chethi,Accent,0.27
293,Lotus,Accent,1.78
293,Marigold,Accent,1.18
293,Rose,Primary,1.5
294,Arali,Accent,0.52
294,Daisy,Accent,0.57
294,Marigold,Accent,0.6
294,Orchid,Accent,0.92
294,Jasmine,Primary,0.7
294,Lotus,Secondary,0.91
295,Arali,Accent,0.37
295,Chrysanthemum,Accent,0.93
295,Daisy,Accent,1.09
295,Lotus,Accent,1.48
295,Jasmine,Secondary,1.38
296,Arali,Accent,0.43
296,Chrysanthemum,Accent,1.37
296,Rose,Accent,0.86
296,Orchid,Primary,1.21
296,Lotus,Secondary,0.79
297,Chethi,Accent,0.23
297,Chrysanthemum,Accent,0.74
297,Daisy,Accent,1.22
297,Green Leaves,Accent,0.45
297,Jasmine,Accent,1.19
297,Orchid,Primary,1.06
297,Rose,Secondary,1.15
298,Arali,Accent,0.26
298,Chethi,Accent,0.57
298,Jasmine,Accent,1.53
298,Marigold,Primary,1.63
298,Orchid,Secondary,1.35
299,Arali,Accent,0.38
299,Daisy,Accent,0.62
299,Lotus,Accent,0.94
299,Orchid,Accent,1.09
299,Rose,Primary,0.95
299,Chrysanthemum,Secondary,0.69
300,Arali,Accent,0.47
300,Chrysanthemum,Accent,0.91
300,Green Leaves,Accent,0.21
300,Marigold,Accent,1.01
300,Rose,Accent,0.99
300,Orchid,Primary,0.88
300,Lotus,Secondary,0.85
301,Arali,Accent,0.6
301,Daisy,Accent,1.25
301,Lotus,Accent,1.11
301,Orchid,Primary,0.96
301,Chrysanthemum,Secondary,0.86
302,Arali,Accent,0.48
302,Marigold,Accent,1.41
302,Lotus,Primary,0.92
302,Chrysanthemum,Secondary,1.0
303,Arali,Accent,0.28
303,Lotus,Accent,2.13
303,Orchid,Accent,2.5
303,Chrysanthemum,Primary,2.35
304,Arali,Accent,0.24
304,Chrysanthemum,Accent,1.52
304,Marigold,Accent,1.8
304,Orchid,Secondary,1.16
305,Arali,Accent,0.43
305,Chrysanthemum,Accent,0.78
305,Jasmine,Accent,0.84
305,Orchid,Accent,0.82
305,Rose,Primary,0.96
305,Marigold,Secondary,0.86
306,Chrysanthemum,Accent,1.01
306,Daisy,Accent,0.9
306,Marigold,Accent,0.55
306,Orchid,Accent,0.82
306,Rose,Primary,0.83
306,Lotus,Secondary,0.79
307,Daisy,Accent,2.17
307,Green Leaves,Accent,0.29
307,Rose,Accent,2.53
307,Jasmine,Primary,1.58
308,Green Leaves,Accent,0.42
308,Jasmine,Accent,1.59
308,Orchid,Accent,1.64
308,Rose,Accent,1.35
308,Lotus,Primary,1.83
308,Daisy,Secondary,1.38
309,Daisy,Accent,1.43
309,Lotus,Accent,0.99
309,Chrysanthemum,Primary,1.41
309,Rose,Secondary,1.6
310,Daisy,Accent,1.34
310,Jasmine,Accent,1.11
310,Rose,Primary,1.22
310,Lotus,Secondary,1.29
311,Arali,Accent,0.44
311,Chethi,Accent,0.34
311,Daisy,Accent,1.51
311,Marigold,Accent,1.07
311,Lotus,Primary,1.02
311,Orchid,Secondary,1.44
312,Arali,Accent,0.49
312,Green Leaves,Accent,0.39
312,Marigold,Accent,0.83
312,Orchid,Accent,1.34
312,Rose,Accent,1.25
312,Jasmine,Primary,0.78
312,Lotus,Secondary,1.3
313,Chethi,Accent,0.56
313,Green Leaves,Accent,0.38
313,Jasmine,Accent,0.96
313,Marigold,Accent,1.11
313,Chrysanthemum,Primary,1.01
313,Daisy,Secondary,1.38
314,Arali,Accent,0.21
314,Orchid,Accent,1.02
314,Rose,Accent,0.9
314,Chrysanthemum,Primary,0.99
314,Daisy,Secondary,0.96
315,Chethi,Accent,0.24
315,Orchid,Accent,1.92
315,Chrysanthemum,Primary,2.67
315,Jasmine,Secondary,1.94
316,Chethi,Accent,0.45
316,Daisy,Accent,0.75
316,Green Leaves,Accent,0.35
316,Orchid,Primary,1.35
316,Rose,Secondary,1.1
317,Chethi,Accent,0.45
317,Green Leaves,Accent,0.4
317,Rose,Accent,0.7
317,Chrysanthemum,Primary,1.25
317,Jasmine,Secondary,1.05
318,Green Leaves,Accent,0.35
318,Lotus,Accent,0.65
318,Rose,Accent,0.55
318,Marigold,Primary,1.55
318,Daisy,Secondary,1.1
319,Green Leaves,Accent,0.35
319,Jasmine,Accent,0.65
319,Orchid,Accent,0.55
319,Lotus,Primary,1.35
319,Rose,Secondary,1.0
320,Green Leaves,Accent,0.4
320,Lotus,Accent,0.6
320,Orchid,Accent,0.45
320,Chrysanthemum,Primary,1.3
320,Jasmine,Secondary,1.05
321,Chethi,Accent,0.55
321,Green Leaves,Accent,0.35
321,Marigold,Accent,0.75
321,Chrysanthemum,Primary,1.45
321,Rose,Secondary,1.05
322,Chethi,Accent,0.6
322,Green Leaves,Accent,0.4
322,Jasmine,Accent,0.7
322,Rose,Primary,1.35
322,Chrysanthemum,Secondary,1.1
323,Chethi,Accent,0.65
323,Chrysanthemum,Accent,0.75
323,Green Leaves,Accent,0.45
323,Marigold,Primary,1.55
323,Rose,Secondary,1.0
324,Chethi,Accent,0.55
324,Green Leaves,Accent,0.4
324,Rose,Accent,0.65
324,Chrysanthemum,Primary,1.6
324,Marigold,Secondary,1.15
325,Chethi,Accent,0.5
325,Chrysanthemum,Accent,0.8
325,Green Leaves,Accent,0.35
325,Rose,Primary,1.5
325,Marigold,Secondary,1.1
326,Green Leaves,Accent,0.45
326,Marigold,Accent,0.85
326,Rose,Accent,0.75
326,Chrysanthemum,Primary,1.3
326,Chethi,Secondary,0.8
327,Chethi,Accent,0.6
327,Green Leaves,Accent,0.4
327,Rose,Accent,0.6
327,Marigold,Primary,1.65
327,Chrysanthemum,Secondary,1.2
328,Chrysanthemum,Accent,0.9
328,Green Leaves,Accent,0.4
328,Marigold,Accent,0.8
328,Rose,Primary,1.4
328,Chethi,Secondary,0.75
329,Chethi,Accent,0.55
329,Green Leaves,Accent,0.45
329,Marigold,Accent,0.75
329,Chrysanthemum,Primary,1.5
329,Rose,Secondary,1.15
330,Chethi,Accent,0.6
330,Chrysanthemum,Accent,0.85
330,Green Leaves,Accent,0.35
330,Marigold,Primary,1.4
330,Rose,Secondary,1.15
331,Chethi,Accent,0.45
331,Green Leaves,Accent,0.55
331,Rose,Accent,0.65
331,Marigold,Primary,1.5
331,Jasmine,Secondary,1.0
332,Chethi,Accent,0.4
332,Green Leaves,Accent,0.6
332,Jasmine,Accent,0.75
332,Chrysanthemum,Primary,1.35
332,Marigold,Secondary,1.15
333,Chethi,Accent,0.45
333,Green Leaves,Accent,0.55
333,Jasmine,Accent,0.7
333,Rose,Primary,1.3
333,Marigold,Secondary,1.25
334,Green Leaves,Accent,0.65
334,Jasmine,Accent,0.7
334,Rose,Accent,0.6
334,Marigold,Primary,1.6
334,Chrysanthemum,Secondary,1.1
335,Green Leaves,Accent,0.6
335,Jasmine,Accent,0.65
335,Rose,Accent,0.55
335,Daisy,Primary,1.35
335,Marigold,Secondary,1.3
336,Chethi,Accent,0.45
336,Green Leaves,Accent,0.7
336,Marigold,Accent,0.85
336,Chrysanthemum,Primary,1.5
336,Jasmine,Secondary,1.05
337,Chrysanthemum,Accent,0.75
337,Green Leaves,Accent,0.65
337,Jasmine,Accent,0.65
337,Marigold,Primary,1.45
337,Rose,Secondary,1.05
338,Green Leaves,Accent,0.75
338,Marigold,Accent,0.9
338,Rose,Accent,0.55
338,Daisy,Primary,1.4
338,Jasmine,Secondary,1.0
339,Chethi,Accent,0.5
339,Green Leaves,Accent,0.65
339,Jasmine,Accent,0.7
339,Marigold,Primary,1.55
339,Daisy,Secondary,1.05
340,Green Leaves,Accent,0.7
340,Jasmine,Accent,0.6
340,Rose,Accent,0.65
340,Chrysanthemum,Primary,1.45
340,Marigold,Secondary,1.2
341,Chrysanthemum,Accent,0.75
341,Green Leaves,Accent,0.35
341,Rose,Accent,0.65
341,Marigold,Primary,1.45
341,Jasmine,Secondary,1.1
342,Green Leaves,Accent,0.4
342,Marigold,Accent,0.85
342,Rose,Accent,0.6
342,Chrysanthemum,Primary,1.4
342,Jasmine,Secondary,1.15
343,Daisy,Accent,0.7
343,Green Leaves,Accent,0.35
343,Jasmine,Accent,0.85
343,Marigold,Primary,1.55
343,Rose,Secondary,0.95
344,Chrysanthemum,Accent,0.7
344,Green Leaves,Accent,0.4
344,Marigold,Accent,0.9
344,Rose,Primary,1.35
344,Jasmine,Secondary,1.2
345,Chrysanthemum,Accent,0.8
345,Green Leaves,Accent,0.45
345,Rose,Accent,0.6
345,Marigold,Primary,1.6
345,Jasmine,Secondary,1.05
346,Daisy,Accent,0.75
346,Green Leaves,Accent,0.4
346,Marigold,Accent,0.85
346,Chrysanthemum,Primary,1.5
346,Jasmine,Secondary,1.1
347,Chrysanthemum,Accent,0.8
347,Green Leaves,Accent,0.35
347,Rose,Accent,0.7
347,Marigold,Primary,1.35
347,Jasmine,Secondary,1.25
348,Daisy,Accent,0.75
348,Green Leaves,Accent,0.4
348,Marigold,Accent,0.8
348,Rose,Primary,1.45
348,Jasmine,Secondary,1.15
349,Green Leaves,Accent,0.35
349,Jasmine,Accent,0.95
349,Rose,Accent,0.65
349,Marigold,Primary,1.5
349,Chrysanthemum,Secondary,1.05
350,Green Leaves,Accent,0.45
350,Marigold,Accent,0.85
350,Rose,Accent,0.65
350,Chrysanthemum,Primary,1.45
350,Jasmine,Secondary,1.2
351,Green Leaves,Accent,0.8
351,Marigold,Accent,0.75
351,Rose,Accent,0.55
351,Daisy,Primary,1.25
351,Jasmine,Secondary,0.95
352,Green Leaves,Accent,0.85
352,Jasmine,Accent,0.7
352,Marigold,Accent,0.65
352,Lotus,Primary,1.15
352,Daisy,Secondary,1.05
353,Chethi,Accent,0.5
353,Green Leaves,Accent,0.9
353,Jasmine,Accent,0.65
353,Rose,Primary,1.25
353,Daisy,Secondary,1.0
354,Green Leaves,Accent,0.85
354,Jasmine,Accent,0.7
354,Lotus,Accent,0.55
354,Chrysanthemum,Primary,1.35
354,Daisy,Secondary,1.0
355,Daisy,Accent,0.75
355,Green Leaves,Accent,0.95
355,Rose,Accent,0.5
355,Lotus,Primary,1.2
355,Jasmine,Secondary,0.95
356,Chethi,Accent,0.45
356,Green Leaves,Accent,0.85
356,Jasmine,Accent,0.75
356,Daisy,Primary,1.4
356,Rose,Secondary,0.9
357,Daisy,Accent,0.8
357,Green Leaves,Accent,0.9
357,Jasmine,Accent,0.6
357,Chrysanthemum,Primary,1.25
357,Lotus,Secondary,0.9
358,Daisy,Accent,0.7
358,Green Leaves,Accent,1.0
358,Lotus,Accent,0.5
358,Rose,Primary,1.3
358,Jasmine,Secondary,0.9
359,Chethi,Accent,0.45
359,Green Leaves,Accent,0.85
359,Jasmine,Accent,0.7
359,Lotus,Primary,1.25
359,Chrysanthemum,Secondary,1.0
360,Green Leaves,Accent,0.9
360,Jasmine,Accent,0.7
360,Rose,Accent,0.55
360,Daisy,Primary,1.35
360,Marigold,Secondary,0.95
361,Chethi,Accent,0.6
361,Green Leaves,Accent,0.55
361,Marigold,Accent,0.75
361,Orchid,Primary,1.0
361,Rose,Secondary,1.0
362,Chethi,Accent,0.55
362,Chrysanthemum,Accent,0.8
362,Green Leaves,Accent,0.6
362,Rose,Primary,1.25
362,Orchid,Secondary,0.85
363,Daisy,Accent,0.7
363,Green Leaves,Accent,0.65
363,Rose,Accent,0.75
363,Marigold,Primary,1.35
363,Orchid,Secondary,0.8
364,Chethi,Accent,0.6
364,Green Leaves,Accent,0.55
364,Rose,Accent,0.75
364,Orchid,Primary,1.1
364,Chrysanthemum,Secondary,1.0
365,Chethi,Accent,0.65
365,Green Leaves,Accent,0.6
365,Orchid,Accent,0.75
365,Rose,Primary,1.2
365,Marigold,Secondary,1.1
366,Green Leaves,Accent,0.65
366,Marigold,Accent,0.75
366,Rose,Accent,0.8
366,Orchid,Primary,1.05
366,Daisy,Secondary,0.95
367,Chethi,Accent,0.65
367,Green Leaves,Accent,0.55
367,Rose,Accent,0.75
367,Chrysanthemum,Primary,1.3
367,Orchid,Secondary,0.85
368,Chethi,Accent,0.6
368,Green Leaves,Accent,0.65
368,Orchid,Accent,0.8
368,Rose,Primary,1.15
368,Daisy,Secondary,1.0
369,Chrysanthemum,Accent,0.75
369,Green Leaves,Accent,0.6
369,Orchid,Accent,0.8
369,Marigold,Primary,1.3
369,Rose,Secondary,0.95
370,Chethi,Accent,0.65
370,Daisy,Accent,0.8
370,Green Leaves,Accent,0.7
370,Orchid,Primary,1.1
370,Rose,Secondary,1.05
371,Rose,Primary,0.212
371,Daisy,Secondary,0.178
371,Jasmine,Accent,0.066
372,Rose,Primary,0.356
372,Tuberose,Secondary,0.273
372,Daisy,Accent,0.122
373,Chethi,Primary,0.354
373,Marigold,Secondary,0.247
373,Daisy,Accent,0.201
374,Jasmine,Primary,0.28
374,Tuberose,Secondary,0.204
374,Lotus,Accent,0.107
375,Daisy,Primary,0.3
375,Rose,Secondary,0.222
375,Tuberose,Accent,0.137
376,Rose,Primary,0.259
376,Chethi,Secondary,0.225
376,Chrysanthemum,Accent,0.085
377,Lotus,Primary,0.264
377,Marigold,Secondary,0.162
377,Daisy,Accent,0.096
378,Chethi,Primary,0.224
378,Daisy,Secondary,0.16
378,Rose,Accent,0.087
379,Rose,Primary,0.346
379,Tuberose,Secondary,0.285
379,Daisy,Accent,0.104
380,Marigold,Primary,0.272
380,Tuberose,Secondary,0.19
380,Chrysanthemum,Accent,0.152
381,Chethi,Primary,0.366
381,Chrysanthemum,Secondary,0.268
381,Jasmine,Accent,0.18
382,Marigold,Primary,0.235
382,Lotus,Secondary,0.18
382,Jasmine,Accent,0.084
383,Rose,Primary,0.364
383,Daisy,Secondary,0.292
383,Jasmine,Accent,0.18
384,Rose,Primary,0.409
384,Orchid,Secondary,0.29
384,Jasmine,Accent,0.153
385,Daisy,Primary,0.23
385,Rose,Secondary,0.165
385,Lotus,Accent,0.129
386,Lotus,Primary,0.319
386,Jasmine,Secondary,0.258
386,Marigold,Accent,0.127
387,Jasmine,Primary,0.272
387,Rose,Secondary,0.181
387,Chethi,Accent,0.093
388,Rose,Primary,0.387
388,Orchid,Secondary,0.238
388,Lotus,Accent,0.175
389,Jasmine,Primary,0.313
389,Lotus,Secondary,0.298
389,Orchid,Accent,0.148
390,Lotus,Primary,0.326
390,Marigold,Secondary,0.292
390,Daisy,Accent,0.134
391,Orchid,Primary,0.299
391,Chrysanthemum,Secondary,0.258
391,Daisy,Accent,0.11
392,Orchid,Primary,0.359
392,Lotus,Secondary,0.262
392,Rose,Accent,0.221
393,Tuberose,Primary,0.271
393,Chethi,Secondary,0.224
393,Rose,Accent,0.153
394,Lotus,Primary,0.284
394,Chrysanthemum,Secondary,0.195
394,Marigold,Accent,0.094
395,Tuberose,Primary,0.308
395,Lotus,Secondary,0.237
395,Daisy,Accent,0.149
396,Tuberose,Primary,0.428
396,Rose,Secondary,0.234
396,Jasmine,Accent,0.207
397,Chrysanthemum,Primary,0.287
397,Marigold,Secondary,0.188
397,Lotus,Accent,0.095
398,Jasmine,Primary,0.403
398,Daisy,Secondary,0.249
398,Chethi,Accent,0.128
399,Rose,Primary,0.383
399,Daisy,Secondary,0.336
399,Marigold,Accent,0.152
400,Chrysanthemum,Primary,0.379
400,Marigold,Secondary,0.335
400,Jasmine,Accent,0.131
401,Orchid,Primary,0.275
401,Daisy,Secondary,0.146
401,Rose,Accent,0.09
402,Jasmine,Primary,0.229
402,Daisy,Secondary,0.189
402,Rose,Accent,0.08
403,Chethi,Primary,0.457
403,Orchid,Secondary,0.268
403,Marigold,Accent,0.226
404,Lotus,Primary,0.298
404,Rose,Secondary,0.204
404,Tuberose,Accent,0.141
405,Orchid,Primary,0.346
405,Marigold,Secondary,0.24
405,Jasmine,Accent,0.089
406,Rose,Primary,0.302
406,Marigold,Secondary,0.211
406,Lotus,Accent,0.076
407,Chethi,Primary,0.407
407,Marigold,Secondary,0.266
407,Tuberose,Accent,0.169
408,Daisy,Primary,0.319
408,Jasmine,Secondary,0.285
408,Marigold,Accent,0.165
409,Chethi,Primary,0.203
409,Chrysanthemum,Secondary,0.189
409,Marigold,Accent,0.12
410,Orchid,Primary,0.297
410,Chethi,Secondary,0.17
410,Tuberose,Accent,0.084
411,Orchid,Primary,0.404
411,Chethi,Secondary,0.311
411,Jasmine,Accent,0.225
412,Chethi,Primary,0.324
412,Rose,Secondary,0.246
412,Tuberose,Accent,0.17
413,Chrysanthemum,Primary,0.394
413,Orchid,Secondary,0.285
413,Jasmine,Accent,0.132
414,Rose,Primary,0.291
414,Lotus,Secondary,0.157
414,Marigold,Accent,0.08
415,Rose,Primary,0.232
415,Lotus,Secondary,0.195
415,Chrysanthemum,Accent,0.108
416,Rose,Primary,0.256
416,Orchid,Secondary,0.144
416,Lotus,Accent,0.07
417,Marigold,Primary,0.348
417,Chethi,Secondary,0.228
417,Lotus,Accent,0.164
418,Tuberose,Primary,0.422
418,Rose,Secondary,0.212
418,Daisy,Accent,0.198
419,Rose,Primary,0.24
419,Lotus,Secondary,0.207
419,Daisy,Accent,0.093
420,Chrysanthemum,Primary,0.307
420,Daisy,Secondary,0.243
420,Marigold,Accent,0.085
421,Lotus,Primary,0.342
421,Marigold,Secondary,0.308
421,Tuberose,Accent,0.17
422,Marigold,Primary,0.281
422,Chrysanthemum,Secondary,0.161
422,Orchid,Accent,0.118
423,Chethi,Primary,0.373
423,Marigold,Secondary,0.3
423,Jasmine,Accent,0.173
424,Tuberose,Primary,0.351
424,Chethi,Secondary,0.233
424,Daisy,Accent,0.164
425,Rose,Primary,0.347
425,Daisy,Secondary,0.321
425,Lotus,Accent,0.158
426,Orchid,Primary,0.349
426,Marigold,Secondary,0.233
426,Daisy,Accent,0.183
427,Marigold,Primary,0.425
427,Orchid,Secondary,0.236
427,Chrysanthemum,Accent,0.127
428,Chrysanthemum,Primary,0.393
428,Rose,Secondary,0.289
428,Lotus,Accent,0.159
429,Chethi,Primary,0.316
429,Chrysanthemum,Secondary,0.239
429,Lotus,Accent,0.118
430,Chrysanthemum,Primary,0.417
430,Tuberose,Secondary,0.336
430,Rose,Accent,0.216
431,Daisy,Primary,0.445
431,Rose,Secondary,0.303
431,Chethi,Accent,0.111
432,Marigold,Primary,0.349
432,Orchid,Secondary,0.304
432,Daisy,Accent,0.165
433,Marigold,Primary,0.393
433,Rose,Secondary,0.276
433,Jasmine,Accent,0.111
434,Marigold,Primary,0.288
434,Jasmine,Secondary,0.234
434,Orchid,Accent,0.142
435,Orchid,Primary,0.47
435,Jasmine,Secondary,0.312
435,Chrysanthemum,Accent,0.166
436,Lotus,Primary,0.284
436,Rose,Secondary,0.208
436,Jasmine,Accent,0.159
437,Daisy,Primary,0.435
437,Lotus,Secondary,0.26
437,Jasmine,Accent,0.191
438,Jasmine,Primary,0.258
438,Daisy,Secondary,0.215
438,Chrysanthemum,Accent,0.091
439,Marigold,Primary,0.327
439,Daisy,Secondary,0.256
439,Chrysanthemum,Accent,0.135
440,Chrysanthemum,Primary,0.336
440,Orchid,Secondary,0.264
440,Jasmine,Accent,0.133
441,Orchid,Primary,0.313
441,Jasmine,Secondary,0.22
441,Tuberose,Accent,0.15
442,Chethi,Primary,0.211
442,Tuberose,Secondary,0.163
442,Daisy,Accent,0.125
443,Orchid,Primary,0.228
443,Chrysanthemum,Secondary,0.136
443,Chethi,Accent,0.114
444,Daisy,Primary,0.312
444,Lotus,Secondary,0.208
444,Rose,Accent,0.091
445,Jasmine,Primary,0.446
445,Chethi,Secondary,0.243
445,Chrysanthemum,Accent,0.198
446,Orchid,Primary,0.208
446,Marigold,Secondary,0.147
446,Chethi,Accent,0.073
447,Orchid,Primary,0.259
447,Daisy,Secondary,0.199
447,Tuberose,Accent,0.108
448,Daisy,Primary,0.374
448,Rose,Secondary,0.315
448,Chrysanthemum,Accent,0.141
449,Jasmine,Primary,0.307
449,Chrysanthemum,Secondary,0.223
449,Rose,Accent,0.1
450,Jasmine,Primary,0.424
450,Daisy,Secondary,0.289
450,Tuberose,Accent,0.17
451,Tuberose,Primary,0.227
451,Daisy,Secondary,0.151
451,Chrysanthemum,Accent,0.112
452,Jasmine,Primary,0.272
452,Chethi,Secondary,0.157
452,Orchid,Accent,0.133
453,Daisy,Primary,0.212
453,Orchid,Secondary,0.162
453,Marigold,Accent,0.117
454,Tuberose,Primary,0.284
454,Orchid,Secondary,0.264
454,Chrysanthemum,Accent,0.177
455,Chrysanthemum,Primary,0.425
455,Orchid,Secondary,0.333
455,Daisy,Accent,0.166
456,Chrysanthemum,Primary,0.472
456,Lotus,Secondary,0.282
456,Rose,Accent,0.163
457,Chrysanthemum,Primary,0.407
457,Chethi,Secondary,0.277
457,Jasmine,Accent,0.14
458,Jasmine,Primary,0.406
458,Marigold,Secondary,0.273
458,Chrysanthemum,Accent,0.211
459,Chrysanthemum,Primary,0.255
459,Orchid,Secondary,0.137
459,Lotus,Accent,0.067
460,Rose,Primary,0.29
460,Tuberose,Secondary,0.175
460,Chethi,Accent,0.094
461,Jasmine,Primary,0.349
461,Chethi,Secondary,0.192
461,Lotus,Accent,0.101
462,Chrysanthemum,Primary,0.267
462,Lotus,Secondary,0.219
462,Tuberose,Accent,0.116
463,Rose,Primary,0.388
463,Lotus,Secondary,0.196
463,Chethi,Accent,0.162
464,Chrysanthemum,Primary,0.262
464,Chethi,Secondary,0.221
464,Orchid,Accent,0.136
465,Lotus,Primary,0.39
465,Chethi,Secondary,0.253
465,Rose,Accent,0.195
466,Tuberose,Primary,0.357
466,Daisy,Secondary,0.232
466,Lotus,Accent,0.134
467,Chethi,Primary,0.257
467,Chrysanthemum,Secondary,0.179
467,Orchid,Accent,0.076
468,Chrysanthemum,Primary,0.322
468,Daisy,Secondary,0.291
468,Lotus,Accent,0.153
469,Chethi,Primary,0.395
469,Tuberose,Secondary,0.241
469,Chrysanthemum,Accent,0.159
470,Daisy,Primary,0.286
470,Lotus,Secondary,0.274
470,Tuberose,Accent,0.161
471,Orchid,Primary,0.379
471,Rose,Secondary,0.261
471,Daisy,Accent,0.189
472,Chethi,Primary,0.343
472,Daisy,Secondary,0.213
472,Chrysanthemum,Accent,0.157
473,Tuberose,Primary,0.206
473,Daisy,Secondary,0.139
473,Lotus,Accent,0.078
474,Orchid,Primary,0.219
474,Tuberose,Secondary,0.196
474,Chethi,Accent,0.078
475,Chethi,Primary,0.434
475,Lotus,Secondary,0.261
475,Chrysanthemum,Accent,0.124
476,Tuberose,Primary,0.346
476,Chethi,Secondary,0.207
476,Orchid,Accent,0.191
477,Chrysanthemum,Primary,0.266
477,Marigold,Secondary,0.204
477,Jasmine,Accent,0.134
478,Jasmine,Primary,0.387
478,Daisy,Secondary,0.265
478,Chrysanthemum,Accent,0.177
479,Lotus,Primary,0.47
479,Orchid,Secondary,0.262
479,Daisy,Accent,0.151
480,Chrysanthemum,Primary,0.38
480,Tuberose,Secondary,0.287
480,Orchid,Accent,0.19
481,Chethi,Primary,0.265
481,Rose,Secondary,0.169
481,Marigold,Accent,0.145
482,Marigold,Primary,0.201
482,Chrysanthemum,Secondary,0.164
482,Daisy,Accent,0.134
483,Marigold,Primary,0.429
483,Chrysanthemum,Secondary,0.301
483,Orchid,Accent,0.108
484,Jasmine,Primary,0.276
484,Tuberose,Secondary,0.168
484,Lotus,Accent,0.126
485,Lotus,Primary,0.292
485,Rose,Secondary,0.254
485,Marigold,Accent,0.151
486,Jasmine,Primary,0.277
486,Rose,Secondary,0.213
486,Chethi,Accent,0.097
487,Daisy,Primary,0.327
487,Jasmine,Secondary,0.188
487,Chrysanthemum,Accent,0.158
488,Rose,Primary,0.455
488,Lotus,Secondary,0.315
488,Tuberose,Accent,0.224
489,Tuberose,Primary,0.343
489,Chethi,Secondary,0.24
489,Lotus,Accent,0.135
490,Rose,Primary,0.289
490,Chethi,Secondary,0.247
490,Tuberose,Accent,0.156
491,Lotus,Primary,0.309
491,Tuberose,Secondary,0.194
491,Chrysanthemum,Accent,0.077
492,Chethi,Primary,0.263
492,Lotus,Secondary,0.199
492,Chrysanthemum,Accent,0.076
493,Daisy,Primary,0.401
493,Chrysanthemum,Secondary,0.333
493,Chethi,Accent,0.132
494,Lotus,Primary,0.469
494,Tuberose,Secondary,0.33
494,Chethi,Accent,0.139
495,Daisy,Primary,0.306
495,Rose,Secondary,0.223
495,Chethi,Accent,0.146
496,Chrysanthemum,Primary,0.277
496,Daisy,Secondary,0.155
496,Marigold,Accent,0.141
497,Jasmine,Primary,0.256
497,Rose,Secondary,0.236
497,Orchid,Accent,0.115
498,Tuberose,Primary,0.392
498,Jasmine,Secondary,0.217
498,Orchid,Accent,0.132
499,Marigold,Primary,0.274
499,Lotus,Secondary,0.234
499,Orchid,Accent,0.101
500,Marigold,Primary,0.303
500,Daisy,Secondary,0.201
500,Tuberose,Accent,0.148
501,Tuberose,Primary,0.31
501,Lotus,Secondary,0.292
501,Marigold,Accent,0.176
502,Marigold,Primary,0.362
502,Lotus,Secondary,0.306
502,Tuberose,Accent,0.154
503,Marigold,Primary,0.371
503,Rose,Secondary,0.21
503,Jasmine,Accent,0.107
504,Lotus,Primary,0.358
504,Tuberose,Secondary,0.28
504,Chrysanthemum,Accent,0.136
505,Chethi,Primary,0.204
505,Tuberose,Secondary,0.199
505,Lotus,Accent,0.124
506,Daisy,Primary,0.275
506,Rose,Secondary,0.196
506,Chethi,Accent,0.151
507,Chrysanthemum,Primary,0.283
507,Jasmine,Secondary,0.224
507,Lotus,Accent,0.165
508,Chethi,Primary,0.361
508,Rose,Secondary,0.259
508,Daisy,Accent,0.212
509,Orchid,Primary,0.287
509,Daisy,Secondary,0.185
509,Jasmine,Accent,0.171
510,Daisy,Primary,0.247
510,Jasmine,Secondary,0.198
510,Chethi,Accent,0.078
511,Tuberose,Primary,0.215
511,Chrysanthemum,Secondary,0.174
511,Lotus,Accent,0.085
512,Daisy,Primary,0.344
512,Chrysanthemum,Secondary,0.26
512,Marigold,Accent,0.14
513,Chethi,Primary,0.296
513,Jasmine,Secondary,0.254
513,Rose,Accent,0.149
514,Chrysanthemum,Primary,0.375
514,Rose,Secondary,0.213
514,Tuberose,Accent,0.16
515,Lotus,Primary,0.303
515,Daisy,Secondary,0.232
515,Rose,Accent,0.09
516,Lotus,Primary,0.274
516,Marigold,Secondary,0.241
516,Daisy,Accent,0.112
517,Orchid,Primary,0.276
517,Daisy,Secondary,0.18
517,Chethi,Accent,0.093
518,Tuberose,Primary,0.433
518,Daisy,Secondary,0.244
518,Chrysanthemum,Accent,0.172
519,Tuberose,Primary,0.217
519,Chethi,Secondary,0.185
519,Orchid,Accent,0.069
520,Lotus,Primary,0.304
520,Jasmine,Secondary,0.158
520,Orchid,Accent,0.083
521,Marigold,Primary,0.34
521,Orchid,Secondary,0.245
521,Rose,Accent,0.162
522,Orchid,Primary,0.402
522,Chrysanthemum,Secondary,0.224
522,Tuberose,Accent,0.102
523,Marigold,Primary,0.206
523,Daisy,Secondary,0.138
523,Chrysanthemum,Accent,0.13
524,Chrysanthemum,Primary,0.204
524,Marigold,Secondary,0.164
524,Rose,Accent,0.119
525,Chrysanthemum,Primary,0.342
525,Chethi,Secondary,0.31
525,Daisy,Accent,0.141
526,Rose,Primary,0.396
526,Chrysanthemum,Secondary,0.253
526,Jasmine,Accent,0.118
527,Jasmine,Primary,0.46
527,Daisy,Secondary,0.288
527,Rose,Accent,0.209
528,Jasmine,Primary,0.34
528,Daisy,Secondary,0.303
528,Lotus,Accent,0.138
529,Chrysanthemum,Primary,0.207
529,Daisy,Secondary,0.135
529,Jasmine,Accent,0.066
530,Lotus,Primary,0.279
530,Rose,Secondary,0.217
530,Marigold,Accent,0.084
531,Orchid,Primary,0.257
531,Rose,Secondary,0.182
531,Chrysanthemum,Accent,0.101
532,Chrysanthemum,Primary,0.365
532,Daisy,Secondary,0.309
532,Chethi,Accent,0.16
533,Rose,Primary,0.363
533,Daisy,Secondary,0.302
533,Tuberose,Accent,0.127
534,Daisy,Primary,0.31
534,Rose,Secondary,0.234
534,Marigold,Accent,0.112
535,Tuberose,Primary,0.33
535,Orchid,Secondary,0.215
535,Chrysanthemum,Accent,0.183
536,Lotus,Primary,0.274
536,Orchid,Secondary,0.178
536,Daisy,Accent,0.082
537,Jasmine,Primary,0.322
537,Lotus,Secondary,0.292
537,Orchid,Accent,0.19
538,Lotus,Primary,0.31
538,Daisy,Secondary,0.227
538,Orchid,Accent,0.162
539,Daisy,Primary,0.418
539,Orchid,Secondary,0.23
539,Jasmine,Accent,0.126
540,Daisy,Primary,0.368
540,Rose,Secondary,0.231
540,Jasmine,Accent,0.133
541,Lotus,Primary,0.382
541,Rose,Secondary,0.25
541,Jasmine,Accent,0.114
542,Lotus,Primary,0.274
542,Marigold,Secondary,0.171
542,Rose,Accent,0.093
543,Lotus,Primary,0.433
543,Jasmine,Secondary,0.263
543,Daisy,Accent,0.139
544,Marigold,Primary,0.299
544,Chrysanthemum,Secondary,0.202
544,Orchid,Accent,0.135
545,Tuberose,Primary,0.411
545,Chethi,Secondary,0.228
545,Jasmine,Accent,0.202
546,Rose,Primary,0.447
546,Marigold,Secondary,0.296
546,Jasmine,Accent,0.189
547,Lotus,Primary,0.318
547,Tuberose,Secondary,0.26
547,Daisy,Accent,0.157
548,Daisy,Primary,0.408
548,Orchid,Secondary,0.31
548,Tuberose,Accent,0.213
549,Orchid,Primary,0.304
549,Daisy,Secondary,0.159
549,Rose,Accent,0.084
550,Chethi,Primary,0.2
550,Daisy,Secondary,0.136
550,Lotus,Accent,0.071
551,Tuberose,Primary,0.235
551,Rose,Secondary,0.142
551,Chethi,Accent,0.132
552,Tuberose,Primary,0.406
552,Daisy,Secondary,0.249
552,Chrysanthemum,Accent,0.103
553,Lotus,Primary,0.291
553,Jasmine,Secondary,0.273
553,Daisy,Accent,0.155
554,Rose,Primary,0.247
554,Tuberose,Secondary,0.174
554,Chrysanthemum,Accent,0.121
555,Orchid,Primary,0.309
555,Jasmine,Secondary,0.282
555,Daisy,Accent,0.097
556,Orchid,Primary,0.353
556,Chrysanthemum,Secondary,0.216
556,Daisy,Accent,0.172
557,Lotus,Primary,0.387
557,Orchid,Secondary,0.334
557,Daisy,Accent,0.176
558,Chrysanthemum,Primary,0.435
558,Jasmine,Secondary,0.255
558,Orchid,Accent,0.189
559,Chrysanthemum,Primary,0.38
559,Lotus,Secondary,0.239
559,Rose,Accent,0.172
560,Marigold,Primary,0.305
560,Rose,Secondary,0.241
560,Tuberose,Accent,0.129
561,Chethi,Primary,0.366
561,Marigold,Secondary,0.26
561,Tuberose,Accent,0.189
562,Chethi,Primary,0.252
562,Chrysanthemum,Secondary,0.199
562,Daisy,Accent,0.081
563,Rose,Primary,0.263
563,Tuberose,Secondary,0.186
563,Jasmine,Accent,0.077
564,Daisy,Primary,0.271
564,Lotus,Secondary,0.209
564,Chrysanthemum,Accent,0.151
565,Chrysanthemum,Primary,0.202
565,Lotus,Secondary,0.188
565,Jasmine,Accent,0.094
566,Orchid,Primary,0.255
566,Chethi,Secondary,0.14
566,Tuberose,Accent,0.107
567,Tuberose,Primary,0.384
567,Orchid,Secondary,0.314
567,Daisy,Accent,0.131
568,Rose,Primary,0.387
568,Daisy,Secondary,0.278
568,Chrysanthemum,Accent,0.106
569,Tuberose,Primary,0.352
569,Chethi,Secondary,0.34
569,Orchid,Accent,0.135
570,Daisy,Primary,0.306
570,Marigold,Secondary,0.222
570,Chrysanthemum,Accent,0.172
571,Lotus,Primary,0.327
571,Chethi,Secondary,0.262
571,Chrysanthemum,Accent,0.167
572,Jasmine,Primary,0.235
572,Chethi,Secondary,0.191
572,Tuberose,Accent,0.082
573,Rose,Primary,0.236
573,Lotus,Secondary,0.19
573,Chrysanthemum,Accent,0.104
574,Chethi,Primary,0.342
574,Orchid,Secondary,0.31
574,Lotus,Accent,0.179
575,Rose,Primary,0.386
575,Chrysanthemum,Secondary,0.32
575,Chethi,Accent,0.159
576,Daisy,Primary,0.224
576,Marigold,Secondary,0.138
576,Orchid,Accent,0.069
577,Daisy,Primary,0.428
577,Chethi,Secondary,0.25
577,Marigold,Accent,0.165
578,Tuberose,Primary,0.231
578,Chethi,Secondary,0.178
578,Orchid,Accent,0.122
579,Chrysanthemum,Primary,0.309
579,Daisy,Secondary,0.224
579,Chethi,Accent,0.145
580,Rose,Primary,0.472
580,Marigold,Secondary,0.318
580,Chrysanthemum,Accent,0.22
581,Daisy,Primary,0.249
581,Jasmine,Secondary,0.141
581,Tuberose,Accent,0.098
582,Tuberose,Primary,0.371
582,Daisy,Secondary,0.24
582,Jasmine,Accent,0.1
583,Chrysanthemum,Primary,0.394
583,Jasmine,Secondary,0.252
583,Daisy,Accent,0.185
584,Marigold,Primary,0.262
584,Daisy,Secondary,0.16
584,Jasmine,Accent,0.076
585,Orchid,Primary,0.279
585,Marigold,Secondary,0.194
585,Rose,Accent,0.112
586,Lotus,Primary,0.472
586,Marigold,Secondary,0.289
586,Orchid,Accent,0.201
587,Rose,Primary,0.313
587,Marigold,Secondary,0.224
587,Daisy,Accent,0.171
588,Rose,Primary,0.304
588,Tuberose,Secondary,0.211
588,Lotus,Accent,0.095
589,Rose,Primary,0.314
589,Chrysanthemum,Secondary,0.16
589,Jasmine,Accent,0.106
590,Jasmine,Primary,0.357
590,Orchid,Secondary,0.226
590,Daisy,Accent,0.129
591,Rose,Primary,0.295
591,Lotus,Secondary,0.236
591,Tuberose,Accent,0.09
592,Chrysanthemum,Primary,0.3
592,Lotus,Secondary,0.226
592,Daisy,Accent,0.136
593,Chrysanthemum,Primary,0.237
593,Jasmine,Secondary,0.225
593,Lotus,Accent,0.091
594,Rose,Primary,0.39
594,Daisy,Secondary,0.233
594,Tuberose,Accent,0.118
595,Chethi,Primary,0.312
595,Lotus,Secondary,0.221
595,Jasmine,Accent,0.115
596,Chethi,Primary,0.2
596,Lotus,Secondary,0.165
596,Marigold,Accent,0.125
597,Lotus,Primary,0.212
597,Orchid,Secondary,0.193
597,Chrysanthemum,Accent,0.121
598,Chethi,Primary,0.327
598,Chrysanthemum,Secondary,0.269
598,Tuberose,Accent,0.112
599,Jasmine,Primary,0.265
599,Daisy,Secondary,0.231
599,Rose,Accent,0.171
600,Rose,Primary,0.266
600,Daisy,Secondary,0.153
600,Chethi,Accent,0.12
601,Lotus,Primary,0.312
601,Chethi,Secondary,0.18
601,Rose,Accent,0.144
602,Chrysanthemum,Primary,0.297
602,Daisy,Secondary,0.226
602,Chethi,Accent,0.087
603,Daisy,Primary,0.429
603,Jasmine,Secondary,0.256
603,Chethi,Accent,0.144
604,Chethi,Primary,0.34
604,Orchid,Secondary,0.242
604,Daisy,Accent,0.099
605,Jasmine,Primary,0.281
605,Marigold,Secondary,0.178
605,Orchid,Accent,0.154
606,Orchid,Primary,0.303
606,Daisy,Secondary,0.165
606,Tuberose,Accent,0.141
607,Daisy,Primary,0.336
607,Rose,Secondary,0.214
607,Tuberose,Accent,0.094
608,Marigold,Primary,0.323
608,Daisy,Secondary,0.247
608,Orchid,Accent,0.162
609,Lotus,Primary,0.299
609,Daisy,Secondary,0.17
609,Chethi,Accent,0.128
610,Marigold,Primary,0.294
610,Daisy,Secondary,0.24
610,Rose,Accent,0.104
611,Daisy,Primary,0.443
611,Lotus,Secondary,0.329
611,Chethi,Accent,0.13
612,Tuberose,Primary,0.279
612,Rose,Secondary,0.199
612,Daisy,Accent,0.149
613,Chethi,Primary,0.371
613,Rose,Secondary,0.248
613,Tuberose,Accent,0.2
614,Jasmine,Primary,0.411
614,Chethi,Secondary,0.344
614,Orchid,Accent,0.128
615,Daisy,Primary,0.252
615,Chethi,Secondary,0.177
615,Lotus,Accent,0.1
616,Lotus,Primary,0.271
616,Orchid,Secondary,0.163
616,Marigold,Accent,0.142
617,Daisy,Primary,0.233
617,Marigold,Secondary,0.195
617,Lotus,Accent,0.114
618,Jasmine,Primary,0.297
618,Lotus,Secondary,0.234
618,Chrysanthemum,Accent,0.101
619,Lotus,Primary,0.274
619,Marigold,Secondary,0.174
619,Chrysanthemum,Accent,0.085
620,Rose,Primary,0.31
620,Lotus,Secondary,0.293
620,Orchid,Accent,0.091
